user_id,vehicle_model,battery_capacity,charging_station_id,charging_station_location,charging_start_time,charging_end_time,energy_consumed,charging_duration,charging_rate,charging_cost,time_of_day,day_of_week,soc_start,soc_end,distance_driven,temperature,vehicle_age,charger_type,user_type
User_2,Hyundai Kona,100.0,Station_428,San Francisco,2024-01-01 01:00:00,2024-01-01 03:01:00,12.339275203733752,3.133652052688084,30.67773493971444,21.12844792913739,Morning,Monday,10.115777641679946,84.66434362786444,112.11280368218186,14.311025660377789,3,Level 1,Casual Driver
User_4,Hyundai Kona,50.0,Station_327,Houston,2024-01-01 03:00:00,2024-01-01 06:42:00,79.45782398845503,1.266430804620451,32.882869757386224,13.036238833914622,Evening,Saturday,83.12000296074223,99.62432763119423,199.5777845163286,38.31631316036344,1,Level 1,Long-Distance Traveler
User_5,Hyundai Kona,50.0,Station_108,Los Angeles,2024-01-01 04:00:00,2024-01-01 05:46:00,19.62910416772725,2.0197650865894614,10.215712071204608,10.161471171031415,Morning,Saturday,54.25894969116981,63.743786036169695,203.66184655799864,-7.834199027249213,1,Level 1,Long-Distance Traveler
User_9,Chevy Bolt,62.0,Station_493,Los Angeles,2024-01-01 08:00:00,2024-01-01 09:21:00,43.59237228216989,1.724203599132774,14.294922926661108,32.465005072088225,Evening,Wednesday,33.46620026326066,92.96142090358896,208.25974249443672,22.51670642679634,4,Level 1,Commuter
User_15,BMW i3,85.0,Station_96,Houston,2024-01-01 14:00:00,2024-01-01 17:32:00,12.927545290947553,3.4218093378407497,24.21115011711917,18.552815677456245,Afternoon,Monday,71.68354383511853,63.70663794066834,155.36060543681995,39.50544568765913,4,Level 1,Casual Driver
User_19,Tesla Model 3,100.0,Station_434,New York,2024-01-01 18:00:00,2024-01-01 21:03:00,42.63801819167288,0.8075321582617996,20.49084604597367,25.0787937101842,Evening,Saturday,55.51705087402344,52.7134886858277,280.8620709755801,37.430356532255,0,Level 1,Long-Distance Traveler
User_25,Tesla Model 3,100.0,Station_150,Houston,2024-01-02 00:00:00,2024-01-02 01:55:00,27.60438468247694,0.9571376601264636,11.238538626794044,24.03753468851581,Morning,Wednesday,65.48688658113335,65.35209627449626,173.47152650529225,35.977821918048456,4,Level 1,Long-Distance Traveler
User_27,Chevy Bolt,75.0,Station_361,Houston,2024-01-02 02:00:00,2024-01-02 02:33:00,43.487751224792326,3.652540335433942,36.18237188372349,27.44831088430594,Afternoon,Thursday,88.74847907153811,87.82402899882813,80.91266512306521,29.872209873061493,0,Level 1,Commuter
User_28,Nissan Leaf,50.0,Station_340,San Francisco,2024-01-02 03:00:00,2024-01-02 06:13:00,10.338517723856468,1.547713717696371,45.7767311942711,9.855826892937216,Night,Sunday,98.3327953116332,94.50485176968456,162.6865443608225,5.504758728380647,0,Level 1,Long-Distance Traveler
User_36,Hyundai Kona,75.0,Station_390,New York,2024-01-02 11:00:00,2024-01-02 14:16:00,37.37451606078376,2.8916769844807484,18.865801960923783,29.86624992587584,Evening,Tuesday,24.49220858439769,73.38017572592224,76.20353921863803,59.931973865971024,4,Level 1,Commuter
User_43,BMW i3,85.0,Station_391,Houston,2024-01-02 18:00:00,2024-01-02 20:53:00,12.049319706245154,1.373881357931789,29.468944357780007,32.04209859904496,Night,Saturday,36.636852158024986,66.97610432369274,83.24522142563875,39.41613092437325,4,Level 1,Commuter
User_49,Nissan Leaf,85.0,Station_463,Los Angeles,2024-01-03 00:00:00,2024-01-03 01:57:00,,1.743435263200667,14.149666187068805,13.112873665958404,Night,Monday,77.80942281830983,87.94811448093188,212.9403418082668,-4.446670670320875,1,Level 1,Casual Driver
User_52,BMW i3,50.0,Station_55,Los Angeles,2024-01-03 03:00:00,2024-01-03 05:06:00,58.73397361690925,1.88926151834522,13.175727296302622,28.10231005717249,Morning,Saturday,83.86192690828396,71.37448250923295,57.38072425225101,1.941105156484872,3,Level 1,Commuter
User_64,Nissan Leaf,100.0,Station_294,San Francisco,2024-01-03 15:00:00,2024-01-03 16:02:00,29.34565985727085,2.482090675316866,6.871184621235036,24.64975872994209,Night,Saturday,85.33141901899155,67.47790562555141,127.02180106032571,34.06193919136979,0,Level 1,Long-Distance Traveler
User_70,BMW i3,50.0,Station_35,Houston,2024-01-03 21:00:00,2024-01-03 22:47:00,67.00568214318923,3.608030961009233,4.092360865180499,14.42396639096435,Night,Monday,57.677660751028775,57.11286224854077,276.3684303122313,-2.7249027658978378,4,Level 1,Long-Distance Traveler
User_71,Tesla Model 3,75.0,Station_79,San Francisco,2024-01-03 22:00:00,2024-01-04 01:01:00,70.61729259484447,3.2801429687726915,26.07041362744592,15.470777907245134,Evening,Wednesday,86.22602519571817,57.969655423091886,23.00399874929624,34.847907975386214,2,Level 1,Commuter
User_74,Nissan Leaf,59.83272651224269,Station_413,Los Angeles,2024-01-04 01:00:00,2024-01-04 02:32:00,12.894887186031896,0.5815047780490367,40.88409889822898,15.197334165353636,Night,Friday,31.54918220388392,97.46254098173988,183.1712811493433,28.637604322914584,2,Level 1,Long-Distance Traveler
User_75,Hyundai Kona,85.0,Station_34,Houston,2024-01-04 02:00:00,2024-01-04 04:22:00,69.16916705566726,2.285242161327478,5.557358509328086,20.76646440802641,Afternoon,Wednesday,41.089044871443264,74.39951852877809,276.57481915586186,20.014324466284243,4,Level 1,Casual Driver
User_76,Nissan Leaf,50.0,Station_97,Los Angeles,2024-01-04 03:00:00,2024-01-04 05:03:00,,3.520690375905822,9.56924507314763,24.79072323320694,Night,Saturday,51.28140347341039,93.19846283246213,171.89615323236094,-5.275727979646041,4,Level 1,Commuter
User_77,Tesla Model 3,100.0,Station_169,San Francisco,2024-01-04 04:00:00,2024-01-04 05:17:00,49.2788373994772,3.865136106678535,49.41151925702685,39.93168076046508,Morning,Tuesday,86.32698824285714,75.50151044016273,246.3443697107785,30.082058806726685,0,Level 1,Long-Distance Traveler
User_80,BMW i3,75.0,Station_71,Houston,2024-01-04 07:00:00,2024-01-04 07:41:00,59.9864767329939,3.729365399834844,23.417921150036506,15.683016562744246,Afternoon,Wednesday,88.09676846371462,96.1305685919979,281.763740323611,15.060622448535312,0,Level 1,Commuter
User_83,Hyundai Kona,85.0,Station_32,Chicago,2024-01-04 10:00:00,2024-01-04 13:20:00,41.60783353260332,0.8070687454194462,,29.532932865621344,Afternoon,Tuesday,54.997649082294174,97.26161624347915,94.645250164602,17.737387789603858,3,Level 1,Commuter
User_85,Tesla Model 3,50.0,Station_82,Houston,2024-01-04 12:00:00,2024-01-04 13:09:00,57.92445004054599,1.261117292569857,12.538161906875358,19.81732290839241,Morning,Friday,49.87203405296153,54.26143302124692,64.13545483676491,1.8254496871976087,1,Level 1,Casual Driver
User_86,Tesla Model 3,100.0,Station_43,Chicago,2024-01-04 13:00:00,2024-01-04 16:26:00,21.65616411567424,1.8944268875741128,32.95451081519971,18.02550998683417,Afternoon,Wednesday,78.43462826424621,97.7254403635819,170.55772537142218,10.401511433472187,3,Level 1,Casual Driver
User_92,Tesla Model 3,62.0,Station_180,New York,2024-01-04 19:00:00,2024-01-04 22:52:00,68.57302471319414,2.9303906461796965,5.454692701854564,15.889414479213295,Evening,Saturday,50.31669101477427,93.89345034552564,191.45599448624304,37.89979105281139,4,Level 1,Commuter
User_116,Hyundai Kona,100.0,Station_208,New York,2024-01-05 19:00:00,2024-01-05 21:34:00,26.8691096120868,2.463684938333577,12.051836628241116,17.54159529161413,Morning,Monday,28.17984729471636,54.56240134495012,289.5682377266553,7.791379352167198,3,Level 1,Long-Distance Traveler
User_118,Chevy Bolt,50.0,Station_32,Los Angeles,2024-01-05 21:00:00,2024-01-05 22:59:00,60.47162634897462,3.1882589503371697,,15.885705152555932,Afternoon,Saturday,74.53957947778017,79.3651156631053,84.37563038980312,32.8361785835511,2,Level 1,Casual Driver
User_125,Tesla Model 3,75.0,Station_494,Houston,2024-01-06 04:00:00,2024-01-06 07:42:00,64.41904928508166,3.1900131034328947,24.621651183384863,28.99874330581624,Evening,Friday,49.17384524132495,62.34186035083323,230.49427175789185,25.32047569840328,2,Level 1,Long-Distance Traveler
User_126,BMW i3,85.0,Station_187,New York,2024-01-06 05:00:00,2024-01-06 06:29:00,6.189015903017523,1.2918547116648724,19.715350490851208,20.86311304375001,Afternoon,Friday,34.60022195707441,101.67609865354004,275.741904170877,5.7273564896736655,1,Level 1,Casual Driver
User_130,Hyundai Kona,50.0,Station_127,Houston,2024-01-06 09:00:00,2024-01-06 12:53:00,35.55367093393553,3.536754115192,45.85569719639172,23.36793048019756,Night,Tuesday,85.49045253068678,74.66057197859945,275.57427410790336,26.133406798103643,4,Level 1,Commuter
User_139,Nissan Leaf,85.0,Station_278,San Francisco,2024-01-06 18:00:00,2024-01-06 19:21:00,74.10645011572457,2.9654194045690128,32.29091083148934,25.66318431642069,Evening,Tuesday,33.43975255292256,86.90439983944351,179.58852665574395,14.12322245819798,4,Level 1,Long-Distance Traveler
User_150,BMW i3,100.0,Station_166,Los Angeles,2024-01-07 05:00:00,2024-01-07 06:00:00,52.884130298910776,1.2769826575664145,35.525961628694056,7.953494180330694,Night,Sunday,30.59535960979457,76.02826980706824,186.8140685808714,19.18928092352464,0,Level 1,Commuter
User_154,Tesla Model 3,100.0,Station_424,New York,2024-01-07 09:00:00,2024-01-07 11:39:00,20.25597516487363,1.3517035922154306,3.0234852824803093,31.88608393393438,Evening,Friday,79.64988507290505,88.23701957020575,32.00803709196611,36.54506397911559,0,Level 1,Casual Driver
User_157,BMW i3,85.0,Station_97,San Francisco,2024-01-07 12:00:00,2024-01-07 13:12:00,,2.7191063741176174,9.952338390426377,11.75449370757777,Morning,Friday,20.15540252711544,87.84398762403399,81.38711340929943,37.84252106086522,3,Level 1,Casual Driver
User_174,BMW i3,100.0,Station_94,Chicago,2024-01-08 05:00:00,2024-01-08 07:52:00,47.82436784944839,2.0468743813136925,6.082778486824532,35.98941824714308,Night,Tuesday,61.57804690727161,97.96189523417006,90.11434022451289,7.166868100746985,2,Level 1,Casual Driver
User_179,Hyundai Kona,100.0,Station_149,New York,2024-01-08 10:00:00,2024-01-08 11:57:00,63.23651609867501,0.8358451423130647,5.255799991325633,39.69535324151392,Afternoon,Wednesday,31.1091900831936,50.163546266562506,132.9596225238148,30.790815038255943,2,Level 1,Casual Driver
User_189,Tesla Model 3,50.0,Station_496,Houston,2024-01-08 20:00:00,2024-01-08 22:42:00,63.62653233247981,2.0400221150977345,9.986771923019903,35.02872011996518,Afternoon,Sunday,41.006080032057206,71.25331650755305,,5.098606887092302,1,Level 1,Commuter
User_191,Nissan Leaf,100.0,Station_101,Los Angeles,2024-01-08 22:00:00,2024-01-08 23:34:00,65.83154346501938,3.705617221578461,7.253633663105521,7.453842745350879,Morning,Monday,82.15451672743453,58.357343749655485,65.28637656297002,-7.430016353044407,0,Level 1,Casual Driver
User_192,Hyundai Kona,100.0,Station_45,Los Angeles,2024-01-08 23:00:00,2024-01-09 00:03:00,55.18877391493572,1.4145057611789325,,23.68340999904207,Morning,Wednesday,152.48976092167763,68.12881245845041,249.04941432468289,30.69927933386612,0,Level 1,Commuter
User_197,Chevy Bolt,50.0,Station_433,Los Angeles,2024-01-09 04:00:00,2024-01-09 05:30:00,52.50980894268295,2.76432358740617,17.12970237970592,43.15651392509583,Evening,Thursday,30.475116614130098,90.93210942692164,152.25751528544956,-7.432249212044663,0,Level 1,Commuter
User_201,Nissan Leaf,62.0,Station_338,San Francisco,2024-01-09 08:00:00,2024-01-09 10:36:00,80.72941928487083,2.8771910937329785,36.78209781352172,12.94572889437292,Night,Saturday,70.51514965068588,92.974862548274,211.63387445848247,4.741180801072689,4,Level 1,Casual Driver
User_203,Tesla Model 3,62.0,Station_376,Los Angeles,2024-01-09 10:00:00,2024-01-09 10:51:00,72.82858509991425,0.5991352514145969,47.52616641750279,36.357574432816,Evening,Tuesday,81.71875949449374,65.98785609743817,186.72370699503512,-8.817659946490982,2,Level 1,Long-Distance Traveler
User_206,Chevy Bolt,62.0,Station_107,New York,2024-01-09 13:00:00,2024-01-09 15:38:00,63.85425613845187,3.887300863600527,37.22881554336963,8.31768400532211,Morning,Sunday,17.58200971130968,74.04968197104762,128.3524660979024,28.166794014649128,3,Level 1,Commuter
User_212,BMW i3,50.0,Station_271,Los Angeles,2024-01-09 19:00:00,2024-01-09 20:05:00,1.7545202338044217,0.7973944310128724,8.430755655329502,22.724395745775627,Evening,Wednesday,27.118106851125184,78.96915418957035,65.88939460451076,25.93608210131172,2,Level 1,Casual Driver
User_219,Tesla Model 3,85.0,Station_26,Chicago,2024-01-10 02:00:00,2024-01-10 05:54:00,50.643736597993126,2.2291425495078623,29.633681436250622,38.2479912410639,Afternoon,Sunday,31.570698858788976,70.648329638232,195.0011483657776,6.434361447340734,3,Level 1,Long-Distance Traveler
User_222,Tesla Model 3,75.0,Station_154,New York,2024-01-10 05:00:00,2024-01-10 08:54:00,30.900798344474765,0.670877146738795,40.564403928383314,14.437265222737816,Night,Thursday,24.83449931237853,61.27901236228131,13.013883737820478,33.50586024036359,4,Level 1,Casual Driver
User_224,BMW i3,75.0,Station_92,San Francisco,2024-01-10 07:00:00,2024-01-10 10:31:00,11.92593792090742,2.7490297053158925,49.422736981543714,25.985848179105503,Afternoon,Wednesday,29.33302482996651,88.4323917824992,192.1750239264356,-3.3573743979983828,0,Level 1,Casual Driver
User_225,Tesla Model 3,62.0,Station_433,New York,2024-01-10 08:00:00,2024-01-10 08:55:00,55.46412783572684,0.5844647254239376,20.988032146855492,16.65159816255771,Afternoon,Tuesday,78.79166882079036,55.02318043298529,90.39683722641682,15.922714753612713,3,Level 1,Long-Distance Traveler
User_231,Nissan Leaf,85.0,Station_481,San Francisco,2024-01-10 14:00:00,2024-01-10 17:28:00,66.62370004100543,1.229144212048145,45.5056750420217,22.33792167220327,Night,Wednesday,62.39013910651081,79.43489768071959,286.07209886520354,-0.9762473847444576,0,Level 1,Commuter
User_233,BMW i3,120.510632768573,Station_275,Houston,2024-01-10 16:00:00,2024-01-10 17:12:00,68.82528250979368,2.465336095706008,16.93561005158484,33.86154812607529,Afternoon,Monday,70.75160734375731,55.33183817144085,139.0348046627528,-1.96611908491008,0,Level 1,Commuter
User_236,Nissan Leaf,75.0,Station_417,New York,2024-01-10 19:00:00,2024-01-10 20:50:00,12.669821074783703,2.816823552679627,18.718296489912422,32.17861799697764,Morning,Friday,35.91735462644321,67.07789382329932,296.13166242421204,29.403022298145444,3,Level 1,Long-Distance Traveler
User_237,Tesla Model 3,50.0,Station_76,Los Angeles,2024-01-10 20:00:00,2024-01-10 23:35:00,25.35411411775736,0.6133138204604283,16.880572186148093,19.33324015410662,Night,Tuesday,72.40240860746698,67.4333705105874,73.38219447318042,2.9761661488567217,0,Level 1,Long-Distance Traveler
User_244,Chevy Bolt,100.0,Station_55,New York,2024-01-11 03:00:00,2024-01-11 05:40:00,66.52076448264908,0.2066308831427136,15.099483913288104,34.74007813074269,Morning,Wednesday,19.50529978121177,63.48592020479546,123.5700602552102,-6.756693664930932,3,Level 1,Long-Distance Traveler
User_245,Chevy Bolt,100.0,Station_154,Los Angeles,2024-01-11 04:00:00,2024-01-11 06:47:00,,2.009360269130969,74.61279366196828,7.892927162643737,Evening,Saturday,82.21735478489595,77.0156633853816,206.71459212844476,27.408689648904428,2,Level 1,Commuter
User_253,BMW i3,85.0,Station_46,San Francisco,2024-01-11 12:00:00,2024-01-11 13:01:00,29.01396645530415,2.525432775511763,43.00986974325926,12.291979377235393,Evening,Saturday,70.2479743817307,92.49814391459218,199.63810211952105,1.081182964677044,3,Level 1,Casual Driver
User_255,Tesla Model 3,62.0,Station_356,Los Angeles,2024-01-11 14:00:00,2024-01-11 17:09:00,65.55092159002764,3.5756254859207277,12.163397213863936,24.209287058524577,Night,Sunday,47.91062986753904,97.30684588616212,153.22096912222145,28.69465694892421,3,Level 1,Casual Driver
User_256,Chevy Bolt,50.0,Station_400,San Francisco,2024-01-11 15:00:00,2024-01-11 15:55:00,76.57976765251057,0.6246182928077807,10.566450938160475,36.69399042773479,Evening,Wednesday,47.05893885898729,71.88986244683487,33.627512610082235,16.467568637658097,0,Level 1,Long-Distance Traveler
User_263,Hyundai Kona,45.38021848237455,Station_25,San Francisco,2024-01-11 22:00:00,2024-01-11 23:50:00,13.088994842173186,3.2392925386945284,36.475808205118085,36.612367720166375,Afternoon,Saturday,16.78109281796508,91.514782480147,233.5717408705568,-1.3963983233364257,3,Level 1,Long-Distance Traveler
User_272,Tesla Model 3,50.0,Station_348,Chicago,2024-01-12 07:00:00,2024-01-12 09:19:00,12.919879701960571,3.3808345310347176,9.137049424320672,11.496514174723869,Night,Saturday,48.08341175551522,71.15874257165281,188.60188052087443,-2.4119193043412395,4,Level 1,Commuter
User_280,Chevy Bolt,75.0,Station_299,San Francisco,2024-01-12 15:00:00,2024-01-12 18:17:00,15.058971703234262,3.216985824064025,14.767890758738712,15.670141677233,Evening,Tuesday,49.868120868150704,82.17964274236235,68.52318394687728,28.05657767890564,1,Level 1,Casual Driver
User_284,BMW i3,50.0,Station_199,Los Angeles,2024-01-12 19:00:00,2024-01-12 21:14:00,6.479430984738162,2.1335036284136573,,37.20859060029821,Morning,Sunday,52.61626456413691,83.35374544109871,77.79797005629807,26.616977601831,0,Level 1,Long-Distance Traveler
User_286,Hyundai Kona,85.0,Station_26,New York,2024-01-12 21:00:00,2024-01-12 23:55:00,61.83012083767203,1.3995197521599705,49.15968568228321,8.02178413780609,Evening,Saturday,36.84689681505471,92.67951284722466,80.99732070598944,-2.341554226023669,0,Level 1,Commuter
User_290,BMW i3,75.0,Station_63,Houston,2024-01-13 01:00:00,2024-01-13 04:16:00,70.62045542020036,0.637026904969773,18.335547457945317,14.738211793244965,Morning,Saturday,25.723471642871232,99.585814595444,188.46379155896125,-4.842996855241946,2,Level 1,Commuter
User_293,Tesla Model 3,100.0,Station_68,Houston,2024-01-13 04:00:00,2024-01-13 05:17:00,78.39905610034737,0.5318848035877057,29.753158714478868,34.301109962055534,Night,Sunday,49.66021029282839,83.24626253232046,119.78864790850731,-9.296045390619858,1,Level 1,Commuter
User_294,BMW i3,50.0,Station_253,Chicago,2024-01-13 05:00:00,2024-01-13 07:35:00,65.32285347166376,1.2923823850992102,41.87715415091096,17.840509726883596,Afternoon,Wednesday,54.29560688538636,87.54853995015633,32.14595633492419,-9.395365259699592,3,Level 1,Long-Distance Traveler
User_296,Hyundai Kona,85.0,Station_459,Chicago,2024-01-13 07:00:00,2024-01-13 10:57:00,78.15878931012135,1.548133495316547,7.34702904042674,15.064171728841687,Evening,Thursday,78.17878531385018,80.78249491449304,114.76631518048208,20.8310001306784,4,Level 1,Casual Driver
User_297,Hyundai Kona,75.0,Station_2,Chicago,2024-01-13 08:00:00,2024-01-13 11:46:00,5.3378360735216495,1.3473103319992674,29.15448171293192,39.5882610449191,Afternoon,Thursday,16.3556544239116,88.04370260386372,67.71733683557791,29.249086599941627,0,Level 1,Commuter
User_301,Hyundai Kona,65.04709890586727,Station_49,Los Angeles,2024-01-13 12:00:00,2024-01-13 13:06:00,54.52901286506665,0.6431048412173435,41.494238016038736,9.767814595808773,Morning,Monday,73.36171145435397,73.14283891077369,250.3699282257361,31.247335393559474,0,Level 1,Long-Distance Traveler
User_307,Tesla Model 3,33.37702357097419,Station_78,Chicago,2024-01-13 18:00:00,2024-01-13 19:41:00,20.763187642544253,2.68656498163465,23.99284957205273,30.691998651557007,Morning,Thursday,27.40042669502671,55.23400520188916,155.2169255876906,8.316822120598246,2,Level 1,Long-Distance Traveler
User_308,BMW i3,85.0,Station_216,Houston,2024-01-13 19:00:00,2024-01-13 22:38:00,46.45478115373152,3.93657053723412,42.83848279850626,5.06404815023892,Morning,Tuesday,12.793089168257392,70.71797256504605,3.824527427420319,26.51176747373154,1,Level 1,Commuter
User_319,Nissan Leaf,50.0,Station_234,San Francisco,2024-01-14 06:00:00,2024-01-14 08:41:00,76.70996422567768,2.718104326803347,37.73494300980388,9.420847431771923,Afternoon,Tuesday,57.41823833918885,53.71579569179588,189.89795469837304,20.60610628495849,2,Level 1,Commuter
User_321,Nissan Leaf,85.0,Station_87,San Francisco,2024-01-14 08:00:00,2024-01-14 10:41:00,23.019693837419855,2.9097072695904576,23.680039830203164,20.861091013905643,Night,Thursday,78.10179095216837,68.35401867963807,89.42047869614792,12.01626990739151,3,Level 1,Casual Driver
User_332,Nissan Leaf,85.0,Station_187,Los Angeles,2024-01-14 19:00:00,2024-01-14 19:57:00,26.34468459019388,1.9720670095491293,19.951513324304088,17.65021852942759,Morning,Sunday,11.85553123414742,57.08540547671732,216.47155389288085,-2.058775959888321,3,Level 1,Long-Distance Traveler
User_342,BMW i3,50.0,Station_339,Los Angeles,2024-01-15 05:00:00,2024-01-15 05:44:00,53.81020176075347,0.513006350951944,22.344440296603008,15.791319763690598,Morning,Monday,52.44295176374061,82.42209464917141,116.73098347986932,-0.0328724734896948,2,Level 1,Long-Distance Traveler
User_350,Hyundai Kona,50.0,Station_278,New York,2024-01-15 13:00:00,2024-01-15 14:25:00,76.71844669022504,3.77490932141669,44.13745109144485,35.85250777915667,Night,Wednesday,10.896089231058816,69.95912479845512,247.4083508581421,27.955437205015198,0,Level 1,Casual Driver
User_355,Nissan Leaf,85.0,Station_246,New York,2024-01-15 18:00:00,2024-01-15 20:28:00,67.43740257394747,1.8145610590347336,16.09934851847499,14.996368751082128,Night,Thursday,89.87079040064869,93.90137525264328,36.060236573124,34.08218775904674,3,Level 1,Casual Driver
User_358,Hyundai Kona,85.0,Station_51,Los Angeles,2024-01-15 21:00:00,2024-01-15 21:38:00,62.09565922628094,2.477935464885133,30.52868478649712,8.860047394828275,Afternoon,Tuesday,43.886190846537644,81.46898348084524,285.79045868611,-8.559081242956825,1,Level 1,Commuter
User_363,BMW i3,85.0,Station_19,Chicago,2024-01-16 02:00:00,2024-01-16 05:37:00,6.9381938340043,3.2909626809163703,13.2879240552999,16.886330089677223,Night,Monday,88.60942030171464,81.44337976475231,230.3190328881203,1.2019821663508825,3,Level 1,Commuter
User_373,Nissan Leaf,85.0,Station_69,Los Angeles,2024-01-16 12:00:00,2024-01-16 15:13:00,56.42022999086558,0.8288732839363397,25.40285241085352,29.848428683044038,Afternoon,Sunday,32.61238657309413,65.16007356921413,12.807514731098356,17.596802362332962,4,Level 1,Long-Distance Traveler
User_376,Chevy Bolt,100.0,Station_192,Los Angeles,2024-01-16 15:00:00,2024-01-16 18:03:00,1.356731546885289,1.5712045852380068,16.26758640521298,23.87462359696047,Night,Friday,40.92338001382405,83.06868681876806,,-6.550323205012361,3,Level 1,Commuter
User_378,Nissan Leaf,75.0,Station_378,Chicago,2024-01-16 17:00:00,2024-01-16 18:17:00,55.78297746472087,1.37679715607362,46.33334189802024,30.47364422787583,Night,Friday,29.614363227382576,88.37842811530948,10.879984091847628,14.240494893531343,4,Level 1,Commuter
User_383,Tesla Model 3,62.0,Station_9,Chicago,2024-01-16 22:00:00,2024-01-17 01:57:00,64.94285706525936,3.6367947005783794,49.319128854525374,15.321613858374892,Night,Friday,49.301060486496944,73.24351852996135,41.762292021485166,12.254928644869278,4,Level 1,Long-Distance Traveler
User_384,BMW i3,100.0,Station_271,New York,2024-01-16 23:00:00,2024-01-17 02:53:00,70.06077676219795,3.399748992504942,42.945683367847664,15.242748758849396,Morning,Sunday,95.79218803476924,66.37502517544502,164.02863705100555,38.87241151330905,1,Level 1,Long-Distance Traveler
User_387,Nissan Leaf,50.0,Station_454,Houston,2024-01-17 02:00:00,2024-01-17 04:13:00,54.88401335852117,1.8867705056862327,6.98513680525674,6.555981504933964,Night,Saturday,64.28041814613954,82.38389625223746,127.07132090658584,30.593877927821687,2,Level 1,Commuter
User_388,Nissan Leaf,50.0,Station_17,Chicago,2024-01-17 03:00:00,2024-01-17 06:19:00,13.726133739305284,6.176416559677362,12.48400854700609,21.092385464487474,Evening,Friday,82.91258265105539,90.83107621463682,166.7223837788621,6.7863533910958935,2,Level 1,Casual Driver
User_392,Hyundai Kona,62.0,Station_149,Houston,2024-01-17 07:00:00,2024-01-17 08:51:00,31.73575031358406,1.96195761837512,11.129872762551232,11.73930093741448,Evening,Wednesday,58.968752752506965,81.66823961304,87.27410521974205,-9.56906362005498,3,Level 1,Casual Driver
User_402,Hyundai Kona,75.0,Station_14,Los Angeles,2024-01-17 17:00:00,2024-01-17 19:41:00,13.66384250802366,0.7991338052061846,14.33045702276969,8.275923214432899,Morning,Monday,62.24698007651001,82.888930350227,209.0906430300939,36.088928883769846,3,Level 1,Casual Driver
User_406,Hyundai Kona,62.0,Station_294,Los Angeles,2024-01-17 21:00:00,2024-01-17 23:47:00,,0.8139778300387087,19.9347997838052,22.615527145706995,Morning,Saturday,45.146440223456025,83.95513809182872,284.7546994724396,28.97260609479132,4,Level 1,Commuter
User_414,BMW i3,85.0,Station_401,San Francisco,2024-01-18 05:00:00,2024-01-18 07:07:00,15.342120681093242,3.3924522509710866,43.49684995974235,30.945514989681904,Evening,Tuesday,41.89272736540871,95.37829796681748,172.29357704315214,36.03515006018003,0,Level 1,Long-Distance Traveler
User_415,Tesla Model 3,62.0,Station_145,New York,2024-01-18 06:00:00,2024-01-18 07:30:00,45.34396447469323,3.0235736375596303,11.27466652026834,11.656528441856748,Night,Wednesday,78.22201633321833,74.80767196420969,277.64368661968854,37.9722579089503,0,Level 1,Commuter
User_419,Hyundai Kona,62.0,Station_371,Chicago,2024-01-18 10:00:00,2024-01-18 11:34:00,61.46067458832575,2.469784373228879,31.65043077258852,10.99170878566838,Evening,Friday,15.973834415845005,62.9312696243236,57.16364358717763,-9.469038376152003,0,Level 1,Long-Distance Traveler
User_425,Chevy Bolt,50.0,Station_397,Los Angeles,2024-01-18 16:00:00,2024-01-18 16:57:00,12.666812834895836,2.3173563103421726,36.15762510493737,30.66760989395416,Evening,Thursday,75.29528502074453,65.45118030280928,199.25939347720364,25.334170387933614,3,Level 1,Commuter
User_427,Tesla Model 3,100.0,Station_106,Chicago,2024-01-18 18:00:00,2024-01-18 20:18:00,64.98220570964298,3.7347586678524105,38.49923631058793,24.817782068372697,Night,Monday,67.10984362193446,66.71032209156328,133.72424414712458,1.1741854019925757,2,Level 1,Commuter
User_429,Hyundai Kona,100.0,Station_214,San Francisco,2024-01-18 20:00:00,2024-01-18 22:54:00,72.09484050132289,2.0228182434483357,7.424169715513885,7.964528513846047,Morning,Monday,32.50685926451319,89.84464823529999,255.11745161753132,-3.311599169989914,3,Level 1,Commuter
User_450,Nissan Leaf,62.0,Station_2,Los Angeles,2024-01-19 17:00:00,2024-01-19 20:46:00,9.737039612310449,3.070307175368709,3.645282258602781,39.66248652039684,Morning,Tuesday,75.78098420909689,97.16335944186612,157.8770594586192,13.520221296228211,4,Level 1,Casual Driver
User_456,Nissan Leaf,62.0,Station_228,Houston,2024-01-19 23:00:00,2024-01-20 00:17:00,65.18392768549774,2.408337111546665,38.57770532755983,33.18646283163397,Night,Saturday,17.729717562967462,82.79136169634214,254.2166123575022,17.14920107046611,1,Level 1,Commuter
User_458,Chevy Bolt,100.0,Station_469,Los Angeles,2024-01-20 01:00:00,2024-01-20 03:39:00,57.55690005797869,3.3415037801842224,13.036283136136436,14.258109348839728,Afternoon,Friday,55.28433248688425,93.58373877917836,249.41857849199,24.24837181931027,2,Level 1,Casual Driver
User_468,Chevy Bolt,75.0,Station_240,San Francisco,2024-01-20 11:00:00,2024-01-20 14:53:00,63.29716818793051,0.8335445839843811,30.686694797486908,5.541127114661352,Morning,Wednesday,37.26698194802374,70.74768658360593,,7.957659565172058,4,Level 1,Long-Distance Traveler
User_481,Tesla Model 3,100.0,Station_135,New York,2024-01-21 00:00:00,2024-01-21 02:53:00,31.73110320047439,2.64898293412186,68.54260187297076,16.74899045179705,Morning,Thursday,39.60719965721378,85.42662634465816,107.6823950190376,-9.30311606449408,1,Level 1,Commuter
User_489,BMW i3,75.0,Station_44,Los Angeles,2024-01-21 08:00:00,2024-01-21 09:22:00,39.469966222866766,2.399707257559314,21.76519335517244,7.401232278898721,Evening,Friday,43.73232054574708,18.83987638782527,73.21338218607342,-2.094621088055161,3,Level 1,Casual Driver
User_495,Hyundai Kona,75.0,Station_378,Houston,2024-01-21 14:00:00,2024-01-21 16:23:00,64.87047474097292,3.233908961731549,38.98816936527054,5.197590769591839,Night,Tuesday,26.65071179350475,56.36477070018802,90.13480940146296,27.33409428258677,4,Level 1,Casual Driver
User_496,Tesla Model 3,50.0,Station_390,Houston,2024-01-21 15:00:00,2024-01-21 17:56:00,25.13233553126914,1.899860256838659,16.20549350507357,32.61585546839829,Night,Monday,25.684348116376185,94.52863671218913,127.43001739522587,40.25549685924228,4,Level 1,Commuter
User_497,Chevy Bolt,100.0,Station_145,Chicago,2024-01-21 16:00:00,2024-01-21 19:15:00,14.462719261155256,3.400121467770743,44.04035430259583,18.413272054319847,Afternoon,Thursday,14.151779294810476,64.60719261026487,55.74477858323473,1.7816978525239922,2,Level 1,Long-Distance Traveler
User_499,Tesla Model 3,75.0,Station_242,San Francisco,2024-01-21 18:00:00,2024-01-21 20:48:00,44.41845305466813,2.3443707303892207,19.66302252368397,6.18554310775622,Evening,Saturday,22.97712852618256,94.85638958345972,116.420531077901,36.38826993443427,2,Level 1,Long-Distance Traveler
User_514,BMW i3,174.40966768940154,Station_289,Los Angeles,2024-01-22 09:00:00,2024-01-22 11:24:00,8.891155819549416,2.8843947056540618,48.73579805836498,8.58645932139544,Afternoon,Monday,45.45218187639201,52.39898306058275,,25.21467243463633,4,Level 1,Commuter
User_517,Nissan Leaf,50.0,Station_440,New York,2024-01-22 12:00:00,2024-01-22 13:37:00,70.38996843882086,1.6374716334225594,,32.261405415372,Night,Tuesday,112.49077610199396,70.28357264398718,188.31022611001245,-7.643437415464851,4,Level 1,Casual Driver
User_519,Hyundai Kona,75.0,Station_313,Los Angeles,2024-01-22 14:00:00,2024-01-22 17:38:00,7.557567403210105,1.5006720163824252,43.23390652289862,28.52468580224395,Night,Monday,17.754276035274597,99.07140402400482,22.22200644715266,39.70275936848749,3,Level 1,Commuter
User_525,Hyundai Kona,75.0,Station_283,San Francisco,2024-01-22 20:00:00,2024-01-22 22:21:00,36.56579373074047,1.591615524315486,46.26542306507794,23.289947298874967,Night,Tuesday,58.62796231923209,66.00498834158871,,6.774915909691412,1,Level 1,Casual Driver
User_537,Chevy Bolt,85.0,Station_57,Los Angeles,2024-01-23 08:00:00,2024-01-23 09:44:00,44.87005617634201,1.587339770691813,41.419459031249644,34.23881023394986,Evening,Monday,39.4955529396218,81.20907646730309,63.19030760009094,7.066994360010764,3,Level 1,Commuter
User_555,Hyundai Kona,85.0,Station_84,Houston,2024-01-24 02:00:00,2024-01-24 03:42:00,64.60983161155823,1.2268943338915914,3.991359551432321,37.08082728686741,Morning,Wednesday,21.98287036518241,72.93984362354989,116.17711903418054,17.109240531180074,4,Level 1,Long-Distance Traveler
User_563,Hyundai Kona,62.0,Station_88,Chicago,2024-01-24 10:00:00,2024-01-24 13:09:00,54.78487940320012,1.835515716682636,,30.792272179903332,Morning,Thursday,64.23263517878756,61.686776590427314,204.7097989049075,26.548942168481005,4,Level 1,Long-Distance Traveler
User_566,BMW i3,62.0,Station_30,Chicago,2024-01-24 13:00:00,2024-01-24 14:28:00,79.78776885692933,1.446464436407853,,15.676626990703951,Afternoon,Wednesday,79.81742730365542,74.12982191395835,286.57276713345254,1.1453232141019924,4,Level 1,Casual Driver
User_568,Hyundai Kona,85.0,Station_309,New York,2024-01-24 15:00:00,2024-01-24 17:21:00,48.57848684629363,3.589270673368264,1.722296153828387,22.019481879682715,Night,Wednesday,117.65623501960944,91.724539793526,41.579117385750905,28.4532827029553,1,Level 1,Long-Distance Traveler
User_574,Chevy Bolt,91.28885270753447,Station_194,San Francisco,2024-01-24 21:00:00,2024-01-25 00:05:00,8.383690895109462,2.0002674427255034,40.17788477379544,11.676242695172816,Morning,Wednesday,75.61769581932225,76.10522265059508,283.73065488496775,18.406878991218072,3,Level 1,Casual Driver
User_581,BMW i3,50.0,Station_296,San Francisco,2024-01-25 04:00:00,2024-01-25 06:08:00,62.86785794966232,2.923176577184032,15.490027606541537,10.010929748462123,Morning,Wednesday,33.809680164077925,61.33586728999249,112.92221694075552,1.901738829206813,4,Level 1,Casual Driver
User_582,Hyundai Kona,100.0,Station_89,Los Angeles,2024-01-25 05:00:00,2024-01-25 07:35:00,14.355208491625932,1.7662988795206973,47.80486645935545,35.246592689419245,Evening,Monday,13.134702560900068,53.73066045094701,274.7990199525856,21.976294160897577,2,Level 1,Long-Distance Traveler
User_583,Tesla Model 3,85.0,Station_324,New York,2024-01-25 06:00:00,2024-01-25 08:47:00,74.7896950755514,1.8798623119420803,21.10837172285618,10.342252696579552,Morning,Saturday,16.30623976881609,69.88709284489468,260.0043740481551,32.745897574028064,3,Level 1,Long-Distance Traveler
User_586,Hyundai Kona,50.0,Station_210,Los Angeles,2024-01-25 09:00:00,2024-01-25 09:43:00,47.18840893514874,3.3301281116830976,5.340049724227951,29.793613883827916,Evening,Wednesday,17.56487802139744,54.49094700636411,156.46392580325875,5.107230642442021,3,Level 1,Long-Distance Traveler
User_590,Tesla Model 3,85.0,Station_442,San Francisco,2024-01-25 13:00:00,2024-01-25 15:54:00,,3.735995768903568,22.128407956576478,31.004562598908453,Evening,Wednesday,45.02676544775325,62.31925639462983,254.5440878406694,-4.040964038381835,4,Level 1,Commuter
User_593,Hyundai Kona,85.0,Station_310,New York,2024-01-25 16:00:00,2024-01-25 19:43:00,40.63092350376829,2.7497394121507943,25.767194138166374,9.165930228007497,Afternoon,Sunday,31.278431311471454,70.89589429940227,250.2821966735628,17.414579084848018,4,Level 1,Long-Distance Traveler
User_601,Chevy Bolt,85.0,Station_18,New York,2024-01-26 00:00:00,2024-01-26 03:11:00,13.116998507416143,3.537873194776532,,25.79954837097733,Night,Saturday,5.065719156270278,77.77587129654894,213.72336396331437,32.05495299019442,0,Level 1,Casual Driver
User_603,Hyundai Kona,100.0,Station_112,San Francisco,2024-01-26 02:00:00,2024-01-26 03:23:00,45.11780647869832,3.952704737753913,4.273735085390689,7.070463343804775,Evening,Sunday,13.581959675481777,76.36656023654798,162.80604119894906,-3.858987596285049,0,Level 1,Long-Distance Traveler
User_605,Chevy Bolt,75.0,Station_410,San Francisco,2024-01-26 04:00:00,2024-01-26 05:27:00,51.63684234428119,0.7835521249094246,14.606984402944972,13.479666789464092,Afternoon,Monday,32.40961572811105,78.63615922559178,277.732606764294,31.302787524423408,0,Level 1,Long-Distance Traveler
User_606,Chevy Bolt,85.0,Station_414,Chicago,2024-01-26 05:00:00,2024-01-26 07:13:00,44.81719081526413,1.0358587667958,12.546861495301147,32.94204561906906,Morning,Tuesday,66.40059792966022,88.70306595249613,174.92688876199773,-6.159650195104213,1,Level 1,Long-Distance Traveler
User_609,Nissan Leaf,50.0,Station_339,Houston,2024-01-26 08:00:00,2024-01-26 10:37:00,22.016443610220865,1.2691575992195072,41.19625063945213,35.94010097989639,Morning,Monday,23.665610919342743,74.89872941823225,236.5735610243411,11.544380927607264,0,Level 1,Casual Driver
User_612,Tesla Model 3,62.0,Station_90,Los Angeles,2024-01-26 11:00:00,2024-01-26 11:54:00,67.13334039157891,1.2341548025396727,27.95671520137067,32.69770059193057,Evening,Thursday,23.50594715611516,76.14600844871192,7.619894391103201,8.087592836673355,4,Level 1,Casual Driver
User_616,Chevy Bolt,62.0,Station_250,Chicago,2024-01-26 15:00:00,2024-01-26 17:45:00,74.51050318325304,1.589218757649078,7.994911673203704,29.59671412822717,Morning,Saturday,70.43050310785254,95.65922813290568,298.29967593868054,36.383385462428805,1,Level 1,Casual Driver
User_625,Nissan Leaf,50.0,Station_485,New York,2024-01-27 00:00:00,2024-01-27 02:03:00,16.554623964548597,6.49400704276254,36.74898063246032,30.01767024532325,Evening,Thursday,69.43228823059195,52.06275801814783,299.26170846893746,-1.6386571488364885,0,Level 1,Commuter
User_641,BMW i3,62.0,Station_329,Los Angeles,2024-01-27 16:00:00,2024-01-27 19:17:00,68.06928828300951,1.3211779345219874,34.39817877514721,29.472256292394487,Morning,Monday,62.06441940214671,82.6938659048567,135.72503239178508,-4.9925236650444536,1,Level 1,Commuter
User_645,Hyundai Kona,75.0,Station_397,Houston,2024-01-27 20:00:00,2024-01-27 23:21:00,6.337534264521747,0.9414062476062164,4.315961671253241,12.547932563551504,Morning,Wednesday,44.29225742818147,55.5236463027372,170.92055240618774,26.70894079525074,4,Level 1,Long-Distance Traveler
User_649,Tesla Model 3,25.57336024448351,Station_308,Chicago,2024-01-28 00:00:00,2024-01-28 01:53:00,34.79315986001264,3.4129161973536832,11.915550358678772,19.58754470487846,Evening,Thursday,12.13162329310939,76.19400124506882,,33.37442726826608,1,Level 1,Long-Distance Traveler
User_654,Hyundai Kona,85.0,Station_178,Los Angeles,2024-01-28 05:00:00,2024-01-28 06:42:00,39.67713381108,3.94461419790277,5.847147396013394,23.86068056443489,Evening,Friday,89.27457303572433,83.81584017151073,106.70587653759428,-1.3562252342415224,1,Level 1,Casual Driver
User_655,Hyundai Kona,50.0,Station_143,New York,2024-01-28 06:00:00,2024-01-28 06:33:00,68.2690209195155,1.5334868966903243,15.060556534510896,8.01047724502125,Afternoon,Monday,72.327300301089,63.80347684060182,205.70804023988825,11.872445971241746,3,Level 1,Casual Driver
User_661,Hyundai Kona,75.0,Station_412,Houston,2024-01-28 12:00:00,2024-01-28 14:11:00,23.83688010187143,2.85364923342141,12.329512359502848,36.23594103516018,Night,Sunday,63.198836279094415,73.81270846074626,192.32269501445737,29.028763662192333,2,Level 1,Commuter
User_662,Nissan Leaf,47.65326137555467,Station_416,Houston,2024-01-28 13:00:00,2024-01-28 15:15:00,29.349595038889557,2.5597015729885912,30.323895719219998,13.507211702937916,Morning,Tuesday,72.6049992234139,22.27521584720757,95.2684455561382,36.69341868132973,1,Level 1,Commuter
User_674,BMW i3,85.0,Station_26,San Francisco,2024-01-29 01:00:00,2024-01-29 01:39:00,8.527929006106092,2.9292312619958487,9.812104577010492,17.86108715956673,Evening,Saturday,40.40203633436858,66.02532263428573,99.2324060472996,39.93000319748301,1,Level 1,Commuter
User_680,Hyundai Kona,50.0,Station_496,Los Angeles,2024-01-29 07:00:00,2024-01-29 09:34:00,5.356309335174382,3.001369048238973,18.31744606413184,13.64725542763756,Evening,Friday,79.18647461637062,69.73910331351091,,27.775403826264785,4,Level 1,Commuter
User_682,Hyundai Kona,75.0,Station_237,Chicago,2024-01-29 09:00:00,2024-01-29 10:53:00,11.514718098963709,2.460808920693919,3.8023033275213214,31.186780425230648,Night,Friday,18.886157164062443,82.46833405689074,234.87916492055172,-4.093359075721323,3,Level 1,Long-Distance Traveler
User_685,Chevy Bolt,75.0,Station_487,Chicago,2024-01-29 12:00:00,2024-01-29 13:02:00,28.788056755331933,3.191827856187692,33.372714771158726,11.34356700419534,Evening,Tuesday,40.83054026198938,61.64756308118157,125.8286099263755,1.3097312422493097,0,Level 1,Commuter
User_691,Hyundai Kona,100.0,Station_478,New York,2024-01-29 18:00:00,2024-01-29 21:39:00,57.23283445266599,1.389640351950641,30.94275330829091,5.66399012717631,Evening,Tuesday,22.44089942066365,63.15177111448933,36.00389596159371,0.8305829090527883,4,Level 1,Commuter
User_693,BMW i3,100.0,Station_255,Los Angeles,2024-01-29 20:00:00,2024-01-29 22:21:00,10.420110802780291,1.229348211397581,18.89970325569965,8.942145214401862,Afternoon,Saturday,54.97882573715829,59.780788575001054,143.56103568738638,21.293106505425005,2,Level 1,Commuter
User_695,Tesla Model 3,75.0,Station_104,Chicago,2024-01-29 22:00:00,2024-01-30 01:43:00,64.450811584597,3.998843750930618,21.47178993172093,31.667822130613803,Morning,Friday,46.22043610199324,89.43899158085306,231.19223169147637,18.966955539787385,1,Level 1,Commuter
User_700,Nissan Leaf,62.0,Station_409,Houston,2024-01-30 03:00:00,2024-01-30 05:34:00,24.401133035107133,1.478023096097471,31.115244479482783,24.134635523601357,Afternoon,Tuesday,65.98351536998533,51.25486777484991,32.039490764758696,23.590289730681064,0,Level 1,Long-Distance Traveler
User_705,Tesla Model 3,100.0,Station_256,Los Angeles,2024-01-30 08:00:00,2024-01-30 11:57:00,56.65756369693637,0.6132085077161415,21.069771396509864,12.846529275978984,Night,Monday,84.61526142274654,88.99562892720596,151.96650872316795,17.367661723808453,0,Level 1,Casual Driver
User_706,BMW i3,50.0,Station_496,Chicago,2024-01-30 09:00:00,2024-01-30 10:28:00,5.583797770172537,2.8339269826645257,35.82084576495499,35.00912880039168,Afternoon,Thursday,68.59711303472281,95.58825531366833,125.25857779948792,16.510934643362084,3,Level 1,Casual Driver
User_711,Hyundai Kona,62.0,Station_325,Los Angeles,2024-01-30 14:00:00,2024-01-30 15:20:00,10.55815619752912,3.990952264160988,17.23173869250797,29.843007313741943,Afternoon,Sunday,64.658324089453,58.68570516038113,37.99444109844923,32.26012676396088,0,Level 1,Casual Driver
User_715,Chevy Bolt,50.0,Station_284,New York,2024-01-30 18:00:00,2024-01-30 19:45:00,9.623141257761764,3.944488764646076,34.938865911318366,29.80554365122593,Morning,Monday,68.59374207434695,61.57800907196332,28.95833542942806,15.402427506836917,0,Level 1,Commuter
User_717,Nissan Leaf,85.0,Station_99,New York,2024-01-30 20:00:00,2024-01-30 21:51:00,23.2226343840928,0.6564859609421378,5.406718024307384,30.837150626255116,Afternoon,Saturday,17.513436634097637,97.23831329500736,214.20091795488923,22.91019950470565,0,Level 1,Long-Distance Traveler
User_726,Tesla Model 3,42.22396426286603,Station_368,San Francisco,2024-01-31 05:00:00,2024-01-31 05:44:00,62.63400990213397,1.3061013638644594,37.57454771494434,18.48403980371912,Evening,Monday,69.88302901476676,89.70899824393155,38.61495714773572,1.1954220594389255,1,Level 1,Commuter
User_732,Hyundai Kona,75.0,Station_324,New York,2024-01-31 11:00:00,2024-01-31 12:44:00,48.66355521084799,1.756271660885669,36.32372774760015,15.39957845343005,Afternoon,Thursday,49.28268958934412,91.7460321625635,178.12130884759824,21.01240559446453,0,Level 1,Long-Distance Traveler
User_734,Nissan Leaf,75.0,Station_33,Houston,2024-01-31 13:00:00,2024-01-31 16:39:00,68.24465321163233,3.375570509411532,49.36125110170392,33.36036096937211,Evening,Wednesday,57.90799490448934,88.30938417267018,276.3925880192631,14.826203728258427,2,Level 1,Long-Distance Traveler
User_740,Hyundai Kona,62.0,Station_256,Los Angeles,2024-01-31 19:00:00,2024-01-31 20:35:00,10.137709442892056,1.582369811687995,36.077844709089504,26.554263704807763,Evening,Tuesday,34.89212626163041,99.87119867405448,217.59663464578475,40.81674037559839,1,Level 1,Commuter
User_744,Hyundai Kona,94.20058699032565,Station_377,Los Angeles,2024-01-31 23:00:00,2024-02-01 00:41:00,9.127828166953716,0.9931487332559414,,8.658388335703481,Morning,Thursday,54.35077646652079,51.270037949732725,191.1482271152946,6.722193793554503,2,Level 1,Commuter
User_756,Chevy Bolt,50.0,Station_351,San Francisco,2024-02-01 11:00:00,2024-02-01 11:45:00,73.5059703623024,1.8359090701214855,30.9314277897324,31.84900964129997,Afternoon,Thursday,60.77484914937618,63.56658132543215,246.28751484972423,2.3152612211978045,2,Level 1,Commuter
User_765,Nissan Leaf,50.0,Station_420,Chicago,2024-02-01 20:00:00,2024-02-01 21:23:00,35.02666957024688,1.7395210907802483,22.02798564744779,28.80826686990889,Evening,Thursday,26.276244042338213,59.19858803719168,208.480534386268,-8.712180412971101,2,Level 1,Long-Distance Traveler
User_767,Nissan Leaf,85.0,Station_451,Los Angeles,2024-02-01 22:00:00,2024-02-01 23:05:00,35.89954921191294,1.772447028536855,12.511897274758086,20.24627921425605,Night,Thursday,16.492752871489138,53.08457255348556,150.27721019402796,15.055827451562273,4,Level 1,Long-Distance Traveler
User_768,Hyundai Kona,62.0,Station_9,New York,2024-02-01 23:00:00,2024-02-02 02:59:00,48.330182762063146,2.1541462302194883,14.812569888092858,15.3036967301966,Morning,Wednesday,56.27459504161595,65.98703032632432,229.18283499002163,18.03247339232625,4,Level 1,Commuter
User_772,Tesla Model 3,62.0,Station_427,San Francisco,2024-02-02 03:00:00,2024-02-02 03:39:00,11.579770802296697,3.616099729122279,9.634031616098616,5.777750426613394,Night,Saturday,26.10515607453083,71.39910279009044,157.6119289766852,36.03822598164686,1,Level 1,Long-Distance Traveler
User_774,Nissan Leaf,100.0,Station_63,New York,2024-02-02 05:00:00,2024-02-02 07:20:00,5.755335112421237,1.5886586191295695,10.879676124662645,25.17200545435595,Afternoon,Sunday,65.91461014762105,52.23791778918249,18.710965795562217,11.11428022329816,3,Level 1,Long-Distance Traveler
User_779,Chevy Bolt,50.0,Station_260,Houston,2024-02-02 10:00:00,2024-02-02 12:22:00,73.37136541275711,3.0226327639717203,45.50795122340724,11.868121617666544,Afternoon,Wednesday,62.52618043388769,62.34091279224722,180.45248661608585,7.7234244347131025,4,Level 1,Commuter
User_787,Nissan Leaf,50.0,Station_170,New York,2024-02-02 18:00:00,2024-02-02 20:20:00,48.14596961410625,2.8673634929295204,15.521661798949124,31.83906197025877,Afternoon,Sunday,16.537180562904386,99.98486048295344,33.087139185236886,32.227384127689525,0,Level 1,Commuter
User_789,Tesla Model 3,85.0,Station_76,Los Angeles,2024-02-02 20:00:00,2024-02-02 22:28:00,67.90283934003946,0.835318745254099,41.06704109745447,25.57013991901464,Evening,Saturday,45.58232565725287,87.80206968570528,120.3675121015226,25.58518972726768,1,Level 1,Long-Distance Traveler
User_790,Tesla Model 3,85.0,Station_116,Houston,2024-02-02 21:00:00,2024-02-02 22:45:00,43.254517140810776,3.210764372243644,19.278035722978235,13.374711200908711,Night,Tuesday,16.42986703126396,85.24212847364188,156.19622550598012,27.8175569749438,1,Level 1,Commuter
User_801,Chevy Bolt,58.36980451713409,Station_347,San Francisco,2024-02-03 08:00:00,2024-02-03 08:52:00,40.76283311435537,0.938436579463628,41.33293546359443,24.914504678756117,Evening,Sunday,57.81468020270049,87.2706866811988,196.5140061601193,35.54952433115825,3,Level 1,Casual Driver
User_804,Hyundai Kona,62.0,Station_174,San Francisco,2024-02-03 11:00:00,2024-02-03 11:38:00,12.814363147239058,2.588535180640522,27.381994351172008,29.63541951288657,Afternoon,Monday,66.46134154461114,68.41309481751257,251.17135317316607,22.61418258510924,1,Level 1,Commuter
User_805,Nissan Leaf,75.0,Station_170,Houston,2024-02-03 12:00:00,2024-02-03 12:42:00,8.918418777562092,1.556936695800068,16.241963359211958,8.640023654066123,Night,Thursday,16.990405001559274,55.82664102960632,15.21342604109595,9.113968186390393,1,Level 1,Long-Distance Traveler
User_806,Nissan Leaf,62.0,Station_246,Chicago,2024-02-03 13:00:00,2024-02-03 16:05:00,0.1211432950427712,1.4556359151018663,45.58156227106593,37.710554849589386,Evening,Friday,86.31048768785503,77.19881289799206,66.3639561403343,30.187852800687992,2,Level 1,Commuter
User_808,Chevy Bolt,75.0,Station_90,San Francisco,2024-02-03 15:00:00,2024-02-03 16:20:00,7.8588683891368705,3.361128705788364,4.830371677364436,36.51188192041881,Morning,Saturday,81.86550346623888,96.13231206914588,284.6536204721152,23.69545557275726,0,Level 1,Commuter
User_811,BMW i3,85.0,Station_294,Chicago,2024-02-03 18:00:00,2024-02-03 21:58:00,77.8613161281733,0.7065366457805022,30.14418743877484,37.13040463379047,Evening,Saturday,63.10434295286288,66.61241345662742,20.65567779666782,0.7865344167262283,0,Level 1,Long-Distance Traveler
User_819,Hyundai Kona,100.0,Station_199,San Francisco,2024-02-04 02:00:00,2024-02-04 04:50:00,71.16250433532748,1.2026073220933535,44.7448626480689,23.70127504553797,Afternoon,Thursday,48.963543957597054,92.57237250489908,287.06397976246177,3.706865682142661,3,Level 1,Casual Driver
User_821,Tesla Model 3,47.59576449275049,Station_386,Chicago,2024-02-04 04:00:00,2024-02-04 05:24:00,58.91061762118734,2.2832964460179275,23.379598455661355,9.749992695035187,Evening,Thursday,30.45137839196829,52.11796213219462,138.8827900568325,-8.603112050828253,1,Level 1,Casual Driver
User_830,Tesla Model 3,100.0,Station_367,San Francisco,2024-02-04 13:00:00,2024-02-04 16:13:00,35.024111186545994,0.9186724236081418,32.092788481760344,8.51502670076438,Evening,Saturday,15.989490353813975,91.81341991459188,120.73231381977114,14.619838264589935,4,Level 1,Long-Distance Traveler
User_832,Chevy Bolt,75.0,Station_48,Los Angeles,2024-02-04 15:00:00,2024-02-04 17:14:00,51.02335300165405,3.034842753846944,45.80149944059677,39.1307182970169,Afternoon,Sunday,50.76235573046623,61.774039782538246,270.619295910448,11.007994868332403,1,Level 1,Casual Driver
User_839,Chevy Bolt,75.0,Station_380,Los Angeles,2024-02-04 22:00:00,2024-02-05 00:49:00,18.529060697578466,2.336419694967444,6.3463350749875405,18.266059157609316,Evening,Thursday,49.89280166549236,52.1070778523994,187.58147365293516,38.79052519670133,1,Level 1,Long-Distance Traveler
User_842,Hyundai Kona,100.0,Station_185,San Francisco,2024-02-05 01:00:00,2024-02-05 03:03:00,47.99575165649026,2.6912705186964616,39.154830349071936,10.675075124888576,Evening,Friday,54.78679099648707,78.98374139159887,292.6977231822368,17.588065382112188,2,Level 1,Long-Distance Traveler
User_846,Hyundai Kona,75.0,Station_27,San Francisco,2024-02-05 05:00:00,2024-02-05 05:41:00,44.87557340248862,1.6791984280701115,9.76614988041083,9.09697606376053,Morning,Friday,62.89081175346798,65.64834863502412,245.35532264165812,22.96664351452421,4,Level 1,Commuter
User_847,BMW i3,75.0,Station_452,Houston,2024-02-05 06:00:00,2024-02-05 08:58:00,61.56734925121615,3.710275407997624,41.31627181654345,8.421126909886086,Evening,Saturday,17.25267949273368,58.87841174048256,279.5167461006761,-2.209581899400622,1,Level 1,Long-Distance Traveler
User_851,Chevy Bolt,62.0,Station_492,Houston,2024-02-05 10:00:00,2024-02-05 13:50:00,22.572882450288343,2.96014748988195,25.291575946285857,22.224804227965933,Night,Saturday,51.55000841686424,74.1444021005201,49.07601045956073,24.4117939298946,0,Level 1,Commuter
User_852,Hyundai Kona,96.60872071307756,Station_414,Los Angeles,2024-02-05 11:00:00,2024-02-05 13:35:00,56.51645587863174,3.003171547287772,47.82948046168556,38.13296108100456,Evening,Friday,58.10937414504025,83.74438408347368,31.195256286094946,69.48593769068968,0,Level 1,Casual Driver
User_856,BMW i3,100.0,Station_369,Chicago,2024-02-05 15:00:00,2024-02-05 17:08:00,55.78259572680235,1.27970949093876,5.592196058327311,8.048298781340923,Night,Wednesday,50.33758928795222,86.23333848335864,50.905417887353146,15.806771803246086,1,Level 1,Casual Driver
User_857,Chevy Bolt,62.0,Station_342,Chicago,2024-02-05 16:00:00,2024-02-05 18:25:00,67.77665979862479,5.211612226181517,9.80124301601001,38.00070015037216,Evening,Thursday,79.16930918576188,75.98571454431439,28.58247300664054,-10.659679530110962,2,Level 1,Commuter
User_866,Hyundai Kona,100.0,Station_196,San Francisco,2024-02-06 01:00:00,2024-02-06 02:38:00,,0.5952087805041649,,21.59110538291221,Evening,Friday,56.45990210455845,119.98230891128314,110.21958993639556,4.13935812356989,0,Level 1,Commuter
User_872,BMW i3,100.0,Station_246,New York,2024-02-06 07:00:00,2024-02-06 09:27:00,55.655332785147046,1.6789749892738182,30.40482981653153,31.644249842874565,Evening,Friday,11.012541616949,59.81651119957803,179.43171434764614,16.052798431611368,2,Level 1,Long-Distance Traveler
User_874,BMW i3,85.0,Station_84,New York,2024-02-06 09:00:00,2024-02-06 12:27:00,72.95818104852783,2.917826685071239,29.990454827284875,20.51806391936266,Afternoon,Sunday,40.21207606713552,62.26959799670035,256.2701112846916,12.987388532512288,3,Level 1,Long-Distance Traveler
User_882,Hyundai Kona,62.0,Station_145,Houston,2024-02-06 17:00:00,2024-02-06 18:58:00,77.45420995738992,3.308261928438673,29.413406694147984,5.691471521503251,Afternoon,Tuesday,80.65255109296433,90.08739343768669,238.8650097724857,2.2490551695889742,4,Level 1,Long-Distance Traveler
User_883,Chevy Bolt,62.0,Station_498,Los Angeles,2024-02-06 18:00:00,2024-02-06 20:53:00,68.21934425725472,0.8864503813605564,14.884354058498058,17.267073791696944,Evening,Tuesday,38.03890271184613,62.46309786457429,221.3783240343404,1.8150805157682728,4,Level 1,Casual Driver
User_899,Tesla Model 3,50.0,Station_7,Chicago,2024-02-07 10:00:00,2024-02-07 11:43:00,79.2780822184147,3.89478023656482,21.280008595542856,38.07334631378182,Evening,Thursday,69.27315689897446,57.638337196602976,11.601228736577331,38.0265408626295,2,Level 1,Casual Driver
User_901,Chevy Bolt,50.0,Station_428,San Francisco,2024-02-07 12:00:00,2024-02-07 13:41:00,,1.6315936975983292,,13.488216890754178,Night,Monday,60.8980693945304,80.18544351402166,191.68757529190876,-5.793674798830086,2,Level 1,Commuter
User_904,BMW i3,50.0,Station_34,Houston,2024-02-07 15:00:00,2024-02-07 17:51:00,6.268235994227531,5.67378871319114,,7.738396235199668,Night,Friday,65.99350198707378,140.38304771786375,151.07981113467872,25.068744940906804,1,Level 1,Commuter
User_907,Hyundai Kona,43.71913702406909,Station_55,Los Angeles,2024-02-07 18:00:00,2024-02-07 20:15:00,,2.304197182855523,21.688537892491848,8.598943959363353,Afternoon,Friday,46.19998806559848,85.30835216125931,,26.44073486906366,2,Level 1,Long-Distance Traveler
User_909,Tesla Model 3,100.0,Station_480,Chicago,2024-02-07 20:00:00,2024-02-07 21:34:00,50.51448558506964,2.2287292590734094,19.086494735500263,11.060199641520292,Night,Monday,12.870374543107925,50.66155353918523,121.0998380635724,29.292791812955898,2,Level 1,Commuter
User_917,Chevy Bolt,76.33659054812139,Station_10,Los Angeles,2024-02-08 04:00:00,2024-02-08 07:41:00,16.376371083048106,0.8639844960966747,33.30056555155114,13.795874560304217,Night,Tuesday,70.55175016871056,76.77538776743103,193.3986937353374,3.32494483529693,0,Level 1,Commuter
User_920,BMW i3,75.0,Station_444,Chicago,2024-02-08 07:00:00,2024-02-08 10:56:00,51.89127939896392,1.8541792518952216,29.900892186844303,13.04850845074449,Night,Saturday,15.751627241160556,57.05048211192729,74.53081530847757,33.35723142905603,3,Level 1,Casual Driver
User_921,Chevy Bolt,62.0,Station_128,San Francisco,2024-02-08 08:00:00,2024-02-08 08:42:00,9.889982502961283,1.6137816723307057,40.44087745654424,19.353985912180505,Evening,Saturday,14.647732319215194,62.33236181674138,20.01943657169005,19.95036063508279,0,Level 1,Commuter
User_928,BMW i3,75.0,Station_231,New York,2024-02-08 15:00:00,2024-02-08 18:36:00,39.152310092112536,1.3156156867258408,9.938104195050748,29.700996116912638,Morning,Thursday,14.671390433943747,60.1161429061504,232.77720198468091,32.05147860509171,4,Level 1,Commuter
User_932,Tesla Model 3,143.2099946484289,Station_213,Chicago,2024-02-08 19:00:00,2024-02-08 22:04:00,,2.3983788749393984,13.47677065538978,40.21015484624773,Night,Wednesday,33.28839244217399,62.64665894029709,144.8154901077229,-3.736883532256732,0,Level 1,Commuter
User_939,Tesla Model 3,100.0,Station_62,New York,2024-02-09 02:00:00,2024-02-09 02:46:00,11.431328818332826,1.937482885661684,67.9346789314074,16.138987217159222,Morning,Sunday,12.42991030172564,91.4909780419121,166.55459643473677,21.34994476159788,0,Level 1,Commuter
User_940,Tesla Model 3,7.451954886893098,Station_479,Chicago,2024-02-09 03:00:00,2024-02-09 05:04:00,78.93551157563188,2.757861218052766,16.976051559877522,7.87439836183326,Afternoon,Tuesday,21.52681288411701,54.85928878100147,135.60921147891702,-9.442146080548932,2,Level 1,Long-Distance Traveler
User_952,Chevy Bolt,50.0,Station_334,Los Angeles,2024-02-09 15:00:00,2024-02-09 18:21:00,53.57520170906194,0.8343746327657573,27.328398363692767,37.02202643795431,Evening,Tuesday,18.334245800640552,83.75053463404171,273.1191120294941,5.569659040875767,0,Level 1,Long-Distance Traveler
User_953,BMW i3,94.35817416504028,Station_97,Los Angeles,2024-02-09 16:00:00,2024-02-09 18:28:00,11.28842885033608,2.3928429886885234,6.335184959518231,16.38510149928975,Morning,Thursday,81.4838864423626,83.17300490648739,184.147163551874,23.156295052749957,4,Level 1,Long-Distance Traveler
User_954,Hyundai Kona,85.0,Station_446,San Francisco,2024-02-09 17:00:00,2024-02-09 18:43:00,6.269100759870733,1.081960289337379,14.86299534511134,11.243078221696017,Afternoon,Wednesday,12.439951171830508,64.03943994628295,195.20100122016925,2.8825596212513496,2,Level 1,Long-Distance Traveler
User_955,Tesla Model 3,75.0,Station_221,Los Angeles,2024-02-09 18:00:00,2024-02-09 19:23:00,42.95272026706106,1.614998982232772,9.873961584874488,16.52504408440148,Evening,Tuesday,61.34886230104159,77.18551316805166,40.74108231865663,3.73369637524237,2,Level 1,Long-Distance Traveler
User_960,Tesla Model 3,100.0,Station_108,Houston,2024-02-09 23:00:00,2024-02-10 00:27:00,72.08924276832295,2.496163491704368,7.494575511011551,20.2886237220764,Night,Friday,22.9005078019988,94.2082551923395,87.67871773454391,3.9270317882741193,4,Level 1,Long-Distance Traveler
User_963,Nissan Leaf,85.0,Station_262,Chicago,2024-02-10 02:00:00,2024-02-10 02:39:00,76.57770216711769,1.80959882757053,28.359489354784053,9.014286224017404,Night,Friday,68.52902554506932,65.88306142647487,196.799994992825,28.21004844258821,2,Level 1,Commuter
User_970,Hyundai Kona,62.0,Station_92,San Francisco,2024-02-10 09:00:00,2024-02-10 10:12:00,76.66382798129307,4.189681044262882,14.225154049615949,37.128669324547474,Evening,Sunday,35.73213906423297,84.32791319860702,284.28529630185744,26.596317875349683,0,Level 1,Casual Driver
User_977,Hyundai Kona,101.8798726801754,Station_404,San Francisco,2024-02-10 16:00:00,2024-02-10 18:46:00,53.39896875032125,3.2439420776713943,40.57558754811164,21.94185917032725,Night,Monday,33.82915897800707,95.04055604726486,145.84906823716315,27.89850262303308,4,Level 1,Commuter
User_978,Nissan Leaf,62.0,Station_486,San Francisco,2024-02-10 17:00:00,2024-02-10 19:15:00,73.45257577678328,3.64455936950464,15.4157930600366,14.8890202283604,Evening,Wednesday,17.428986745060058,87.44489783039378,183.9880528860176,37.30680829588688,4,Level 1,Long-Distance Traveler
User_984,Nissan Leaf,75.0,Station_277,Chicago,2024-02-10 23:00:00,2024-02-11 00:30:00,26.75691987130609,0.1653938787380431,6.239252739553471,9.580137321363118,Evening,Saturday,66.7905157286936,91.0452914350937,77.15463655728422,23.120492617638803,2,Level 1,Long-Distance Traveler
User_985,Chevy Bolt,62.0,Station_18,San Francisco,2024-02-11 00:00:00,2024-02-11 03:17:00,8.823831028083502,3.394938347975785,,22.208705251796097,Morning,Saturday,48.18912195073626,50.21731519038062,78.59818077189941,7.671514914494146,2,Level 1,Commuter
User_991,Nissan Leaf,85.0,Station_384,New York,2024-02-11 06:00:00,2024-02-11 06:45:00,20.09377734133772,1.1522928608565994,46.35099882248561,22.70277601585436,Evening,Wednesday,18.696751984011428,97.36484816964293,68.59337619081128,28.69743344654665,3,Level 1,Commuter
User_1008,Tesla Model 3,50.0,Station_468,New York,2024-02-11 23:00:00,2024-02-11 23:38:00,34.95512440558501,1.6847005049924406,12.02937482597922,9.964164321436323,Morning,Wednesday,65.08674311260134,78.37929074218383,262.09152432590065,4.945602060220825,1,Level 1,Casual Driver
User_1013,Hyundai Kona,50.0,Station_469,Los Angeles,2024-02-12 04:00:00,2024-02-12 07:35:00,53.20639354696602,3.949096248516374,47.633710498339866,33.42375184387551,Night,Saturday,82.90492657405008,91.6032987741045,146.68151168087584,11.393724185781725,2,Level 1,Long-Distance Traveler
User_1018,Hyundai Kona,50.0,Station_198,Chicago,2024-02-12 09:00:00,2024-02-12 11:04:00,79.24854612418856,1.7737185188156643,33.00513137989047,13.89096924040641,Morning,Friday,51.37788920930001,73.60900224029965,252.8396285449158,12.536190169540204,0,Level 1,Casual Driver
User_1026,Hyundai Kona,50.0,Station_322,San Francisco,2024-02-12 17:00:00,2024-02-12 17:35:00,48.61478557078329,3.691287395654341,22.068883731114205,31.499661710143023,Evening,Saturday,82.44163028037494,23.03568088220334,50.1344443370103,11.908733692048816,0,Level 1,Casual Driver
User_1027,Tesla Model 3,85.0,Station_275,New York,2024-02-12 18:00:00,2024-02-12 20:18:00,1.3302257390094765,1.3380403269013796,23.292885323425644,11.810863248824097,Evening,Tuesday,86.16287277426302,89.96604740046648,324.5247971919714,-3.943574146378939,0,Level 1,Commuter
User_1033,Tesla Model 3,100.0,Station_42,New York,2024-02-13 00:00:00,2024-02-13 02:27:00,76.89240009827725,7.635144759342236,10.446145756658929,39.79452835074204,Night,Friday,7.174271255012432,101.8444219765353,226.39489481465097,32.88270217309975,2,Level 1,Casual Driver
User_1035,BMW i3,50.0,Station_276,Chicago,2024-02-13 02:00:00,2024-02-13 03:48:00,50.48944002879003,0.7201439016240072,42.7873881539225,15.838075793064563,Afternoon,Sunday,65.93591222057864,62.63636323265228,221.59178838790848,29.595187959640768,0,Level 1,Commuter
User_1038,Chevy Bolt,100.0,Station_283,New York,2024-02-13 05:00:00,2024-02-13 07:16:00,,1.5822270778526433,46.92222428796351,23.954339158165645,Morning,Friday,65.78901522891722,63.28981306801092,161.63644457813098,0.9698884242639014,3,Level 1,Casual Driver
User_1043,Chevy Bolt,109.79512826818667,Station_100,Houston,2024-02-13 10:00:00,2024-02-13 12:10:00,10.039817806428031,1.3029419693211222,,26.59423983035405,Evening,Monday,35.98360523295467,70.68328883636845,81.8210812984393,35.14516183263936,2,Level 1,Long-Distance Traveler
User_1048,Chevy Bolt,75.0,Station_466,San Francisco,2024-02-13 15:00:00,2024-02-13 17:01:00,14.49216023800693,3.889259235283929,41.3779107591241,16.384667323459585,Morning,Tuesday,42.78718946396368,51.76174546563856,97.05879325252906,25.002273728975453,3,Level 1,Casual Driver
User_1049,Chevy Bolt,85.0,Station_373,New York,2024-02-13 16:00:00,2024-02-13 18:34:00,38.409401627820046,2.4975733714164927,22.11602009706145,19.82676712024444,Night,Wednesday,10.819040206079633,56.53710030512335,,-3.6133359036523007,2,Level 1,Casual Driver
User_1068,Hyundai Kona,62.0,Station_196,Houston,2024-02-14 11:00:00,2024-02-14 11:53:00,40.78700348086861,3.4318472030931444,11.03185074828479,22.864647844265804,Morning,Thursday,68.76134194190155,55.146158675613634,159.6155013686422,-0.6584932383603714,3,Level 1,Long-Distance Traveler
User_1069,Tesla Model 3,62.0,Station_307,Los Angeles,2024-02-14 12:00:00,2024-02-14 12:55:00,21.871253290777545,0.5720001264069344,10.60205634209747,25.987276865216,Evening,Sunday,44.919466155459816,53.746604292730986,296.5755522560761,33.404773441516134,1,Level 1,Commuter
User_1070,Tesla Model 3,75.0,Station_152,New York,2024-02-14 13:00:00,2024-02-14 16:22:00,47.23207084043696,3.643773933683493,42.96030719302265,37.900326416556425,Afternoon,Monday,12.43408225621689,68.06083094339918,208.81560461103956,10.739123065261666,2,Level 1,Casual Driver
User_1075,Hyundai Kona,85.0,Station_57,Houston,2024-02-14 18:00:00,2024-02-14 21:06:00,34.895113266087755,1.603396900811905,4.881436198623996,33.67501826994361,Afternoon,Friday,61.53265078264192,89.00103781384965,269.8883399506302,-6.428742353356784,1,Level 1,Casual Driver
User_1084,Nissan Leaf,85.0,Station_279,Houston,2024-02-15 03:00:00,2024-02-15 06:02:00,68.56767860768713,1.5582031664365312,16.475471001557096,24.53486845772067,Afternoon,Saturday,68.2737038427022,93.57394709925563,92.04491202728217,-9.831678296419836,2,Level 1,Casual Driver
User_1086,Tesla Model 3,50.0,Station_129,Chicago,2024-02-15 05:00:00,2024-02-15 07:20:00,36.46547333950338,1.209165866938475,37.86028498935581,9.941509460290142,Morning,Monday,21.0234699710778,82.17941381709426,56.42945115351432,36.15182985380533,1,Level 1,Commuter
User_1089,BMW i3,62.0,Station_252,Los Angeles,2024-02-15 08:00:00,2024-02-15 11:26:00,34.43336364069278,0.6802510481291344,34.171979726515815,12.645957460236408,Morning,Monday,77.30425196618461,54.73637426788959,265.8371724474847,22.206196007205108,3,Level 1,Long-Distance Traveler
User_1091,Hyundai Kona,85.0,Station_271,New York,2024-02-15 10:00:00,2024-02-15 10:55:00,18.561385925179625,1.5760735823647318,,7.251346808516732,Afternoon,Wednesday,28.799441643203032,51.48425861447351,397.8180926183734,26.203374069885086,1,Level 1,Long-Distance Traveler
User_1101,Hyundai Kona,85.0,Station_148,Houston,2024-02-15 20:00:00,2024-02-15 22:40:00,34.077999734831565,2.364887014594136,12.59762021470088,19.570020631309163,Night,Monday,70.12447701929887,61.59652123034113,,5.369915824151569,1,Level 1,Commuter
User_1102,Tesla Model 3,100.0,Station_321,Los Angeles,2024-02-15 21:00:00,2024-02-16 00:45:00,26.050244075726223,2.0344660264566903,27.14552199858703,36.21603706120729,Afternoon,Monday,88.85463220577344,69.4717483239227,211.49463071710636,19.394695410871684,2,Level 1,Commuter
User_1119,Hyundai Kona,85.0,Station_416,San Francisco,2024-02-16 14:00:00,2024-02-16 15:52:00,8.335789160236999,2.4329371335759373,41.75876322009111,8.21249008436557,Night,Tuesday,15.625327417420324,42.50515975702499,206.27023390668631,-7.327746524971658,4,Level 1,Casual Driver
User_1120,Nissan Leaf,62.0,Station_27,Houston,2024-02-16 15:00:00,2024-02-16 15:59:00,90.23550358200892,1.28599016746863,4.841450613486008,35.028848193454564,Afternoon,Saturday,70.5520108342991,50.51807735388895,102.7551582816518,36.36832920185531,1,Level 1,Long-Distance Traveler
User_1126,Chevy Bolt,100.0,Station_82,San Francisco,2024-02-16 21:00:00,2024-02-16 21:52:00,23.915003796268465,2.332808817220075,33.50495954700098,5.587219999294074,Night,Sunday,38.27073245617419,84.48086578922354,295.9721051267668,4.832295504044435,2,Level 1,Commuter
User_1130,Nissan Leaf,75.0,Station_479,Los Angeles,2024-02-17 01:00:00,2024-02-17 01:35:00,55.095255841104894,1.289438988112685,45.2106299385636,8.631878815761723,Evening,Sunday,54.16347654979344,56.6962175600798,100.8403905933342,3.2874178751502097,3,Level 1,Commuter
User_1134,BMW i3,75.0,Station_420,New York,2024-02-17 05:00:00,2024-02-17 05:56:00,72.31121635965684,0.9453801792438452,34.26166814743536,23.893749111009,Afternoon,Saturday,59.491108008673685,92.3129306095474,54.13870978325318,8.412581609973788,0,Level 1,Casual Driver
User_1146,BMW i3,62.0,Station_389,Chicago,2024-02-17 17:00:00,2024-02-17 19:18:00,66.24653780691024,1.2541996768004464,37.46234418585593,13.368981577593573,Evening,Friday,43.85148170771822,61.64849601577665,152.26221869616475,8.954126066691433,3,Level 1,Casual Driver
User_1149,Nissan Leaf,100.0,Station_158,Houston,2024-02-17 20:00:00,2024-02-17 22:01:00,77.12500791368723,1.2335246867841825,39.4290961711839,29.78525366156875,Morning,Friday,62.322640558525926,81.40719887465627,272.79517131853873,-3.663579908715522,1,Level 1,Casual Driver
User_1155,Nissan Leaf,85.0,Station_412,Chicago,2024-02-18 02:00:00,2024-02-18 02:47:00,41.99326219500855,1.197691869919004,6.483340580349086,30.37971193035885,Afternoon,Saturday,46.35478932598276,91.106881276485,54.26809121579728,37.289829969537614,4,Level 1,Long-Distance Traveler
User_1159,Nissan Leaf,100.0,Station_206,Los Angeles,2024-02-18 06:00:00,2024-02-18 08:02:00,55.46883682152323,3.540379012105647,26.484266980325483,14.82891240314395,Morning,Friday,38.4751768013842,82.29836275119712,76.92654460564061,1.3585055213685724,0,Level 1,Long-Distance Traveler
User_1160,Hyundai Kona,62.0,Station_150,Chicago,2024-02-18 07:00:00,2024-02-18 09:12:00,19.721540010730703,1.4832810341977656,47.60911599293456,9.040987724125769,Afternoon,Friday,58.69009594389493,84.5528682061711,32.32362538971208,35.769526773223475,1,Level 1,Commuter
User_1161,Tesla Model 3,28.59217552015043,Station_159,New York,2024-02-18 08:00:00,2024-02-18 10:33:00,68.45025675480477,2.1861491819293675,14.971801438288828,14.502847435826103,Afternoon,Thursday,26.459694563687,98.79022101047224,61.80897320870788,18.59929373713665,4,Level 1,Commuter
User_1163,Chevy Bolt,85.0,Station_304,Los Angeles,2024-02-18 10:00:00,2024-02-18 11:42:00,60.46898672586866,3.71738986284209,28.753354343418906,19.64928413083718,Afternoon,Thursday,33.679239622063506,78.9085482736939,147.7359251037458,-2.6601032029166607,1,Level 1,Commuter
User_1170,Hyundai Kona,100.0,Station_88,Houston,2024-02-18 17:00:00,2024-02-18 20:32:00,27.706067785342437,2.858349510172882,45.32674459013657,38.03642615891435,Afternoon,Tuesday,46.48302918515636,98.6273440219893,104.86167280604526,19.029287814233463,4,Level 1,Commuter
User_1171,Chevy Bolt,50.0,Station_217,Los Angeles,2024-02-18 18:00:00,2024-02-18 18:43:00,76.68731222622425,0.7298829248016605,45.75831385931956,35.26539493312963,Night,Sunday,33.29424517991321,52.03926252888994,190.9379314830794,38.73862523604778,1,Level 1,Commuter
User_1174,Nissan Leaf,100.0,Station_185,Chicago,2024-02-18 21:00:00,2024-02-18 21:31:00,74.70693087698855,3.68149298030484,33.46362565843205,38.766173522984936,Morning,Tuesday,56.90819742601112,90.23796992952722,166.68314426869878,7.884105497983775,1,Level 1,Commuter
User_1176,Tesla Model 3,100.56515006953762,Station_140,Los Angeles,2024-02-18 23:00:00,2024-02-19 02:55:00,24.04346935025211,2.9065385519269062,26.03119049253551,25.4853474133791,Night,Monday,81.15318319370941,50.45003529318749,146.92200690081458,8.825917552483563,1,Level 1,Long-Distance Traveler
User_1178,Tesla Model 3,48.35371606217463,Station_133,Chicago,2024-02-19 01:00:00,2024-02-19 04:48:00,39.88426993608347,3.036909807335081,19.461110622460048,20.3396103891378,Evening,Wednesday,58.016494112477474,52.28837265751346,172.51949017269516,31.63668928912557,4,Level 1,Long-Distance Traveler
User_1185,Hyundai Kona,62.0,Station_359,Los Angeles,2024-02-19 08:00:00,2024-02-19 11:16:00,,1.0543624141544703,27.817382166108,12.426903943074102,Evening,Thursday,43.43501655407322,56.18842902969999,122.2954081784858,12.786009352544973,2,Level 1,Casual Driver
User_1186,Chevy Bolt,85.0,Station_146,San Francisco,2024-02-19 09:00:00,2024-02-19 12:40:00,76.18778788307228,2.8502383451136155,14.984051430614867,22.64610296532649,Morning,Sunday,10.285314614367564,76.73373540916441,69.18658683479167,15.247349649826322,0,Level 1,Casual Driver
User_1189,Nissan Leaf,85.0,Station_463,Chicago,2024-02-19 12:00:00,2024-02-19 13:34:00,7.446816605478516,3.4814381690198086,,15.134226307880432,Night,Wednesday,65.871422799937,84.10892630331702,30.92221633424317,10.506884363450856,2,Level 1,Long-Distance Traveler
User_1194,Nissan Leaf,75.0,Station_196,San Francisco,2024-02-19 17:00:00,2024-02-19 18:19:00,59.126629342112274,2.4214112224514865,6.938614078941109,37.98580056569231,Evening,Thursday,47.37859058478252,51.070619780241294,238.7363609885128,19.745234345009298,0,Level 1,Commuter
User_1196,Tesla Model 3,62.0,Station_318,San Francisco,2024-02-19 19:00:00,2024-02-19 21:48:00,5.20011260069647,1.8876640005318568,49.3332345217414,30.865446026333004,Morning,Sunday,18.983577712791817,89.64463555022162,179.29269019534732,37.57672672417906,2,Level 1,Long-Distance Traveler
User_1198,Hyundai Kona,75.0,Station_479,Los Angeles,2024-02-19 21:00:00,2024-02-20 00:36:00,61.90801716904538,3.09976792162395,37.77442265439287,31.22274619292504,Night,Friday,18.216135308909685,88.05542208773109,291.18090476354723,18.77488486854991,3,Level 1,Casual Driver
User_1199,BMW i3,100.0,Station_499,Los Angeles,2024-02-19 22:00:00,2024-02-19 23:31:00,35.017606522824096,2.848815610735716,12.54074292674547,26.8282276724864,Night,Wednesday,19.06936529875868,77.58691651286874,49.66563770855315,10.204876258349907,3,Level 1,Long-Distance Traveler
User_1201,Nissan Leaf,75.0,Station_487,New York,2024-02-20 00:00:00,2024-02-20 03:13:00,65.10291874065945,1.0208252585151376,47.43975214885614,31.701056437042,Afternoon,Saturday,17.25397204903592,99.6717975680798,41.25609709872159,10.926311832543378,4,Level 1,Commuter
User_1203,Chevy Bolt,86.71809381532775,Station_162,Houston,2024-02-20 02:00:00,2024-02-20 04:20:00,61.63104965912597,2.942916165689722,20.391192291148027,32.96419115136705,Night,Wednesday,23.35781808377515,96.40888301425215,83.91991846336025,-6.983337242078843,3,Level 1,Long-Distance Traveler
User_1205,Chevy Bolt,100.0,Station_498,San Francisco,2024-02-20 04:00:00,2024-02-20 06:50:00,45.98918433743132,1.5990277384572906,42.36438973237176,19.23049024220647,Evening,Tuesday,63.54347399574311,60.39019372509928,113.45511882331388,5.824782102557993,3,Level 1,Casual Driver
User_1209,Nissan Leaf,50.0,Station_179,Chicago,2024-02-20 08:00:00,2024-02-20 09:39:00,39.97272424864232,0.6941299404276727,37.675321852429775,35.47518868295804,Morning,Thursday,88.2973709644651,71.13650830929953,60.91729092497904,11.022766626236226,4,Level 1,Casual Driver
User_1211,Hyundai Kona,100.0,Station_418,New York,2024-02-20 10:00:00,2024-02-20 12:27:00,8.789017000425101,2.9124603386156505,,15.66221410500024,Night,Tuesday,49.82374376270066,86.76483394013943,98.6602453811966,-9.124475929254602,1,Level 1,Long-Distance Traveler
User_1213,Chevy Bolt,100.0,Station_271,Los Angeles,2024-02-20 12:00:00,2024-02-20 15:54:00,39.94579631974886,2.705994138237201,34.1015981435489,29.24488324742495,Night,Tuesday,15.073705966426454,98.6113298985728,132.7866428816962,-5.499048907391532,1,Level 1,Casual Driver
User_1214,BMW i3,86.16648846991009,Station_78,San Francisco,2024-02-20 13:00:00,2024-02-20 14:25:00,41.01292040629061,3.069542306569536,35.239594294264535,43.374108624442194,Morning,Friday,56.93067672987071,79.67504954632604,223.72002576711333,31.58905780067694,2,Level 1,Commuter
User_1223,BMW i3,85.0,Station_342,Chicago,2024-02-20 22:00:00,2024-02-21 00:31:00,23.942080345214407,2.159224759169293,18.819584772025628,23.77234837066541,Night,Saturday,24.122328324213527,90.8302547030802,190.20176564094436,-3.244674645052584,3,Level 1,Commuter
User_1224,Chevy Bolt,85.0,Station_74,Los Angeles,2024-02-20 23:00:00,2024-02-21 00:38:00,23.86992273236189,2.441421134965461,23.603714404727395,10.910507508212492,Night,Monday,75.63832653295276,58.59438747516139,158.2224547654822,11.047991752951924,0,Level 1,Commuter
User_1227,Chevy Bolt,100.0,Station_332,New York,2024-02-21 02:00:00,2024-02-21 03:01:00,46.40242818798875,0.9790760332303992,38.51392773049149,6.692686295834163,Night,Sunday,61.77141434640873,58.62527785976149,18.639471828786697,-1.8986919291078903,3,Level 1,Casual Driver
User_1236,Hyundai Kona,75.0,Station_138,Los Angeles,2024-02-21 11:00:00,2024-02-21 12:29:00,5.868319195612725,0.890728405098075,21.32626413977922,21.90827594100225,Afternoon,Wednesday,28.90083254997095,97.35343585040852,280.9762024240972,-1.5624897888461415,4,Level 1,Commuter
User_1237,Tesla Model 3,62.0,Station_231,Houston,2024-02-21 12:00:00,2024-02-21 14:50:00,,1.2816026654590182,36.60130618123146,29.78148179519326,Night,Wednesday,76.96022949767347,83.75662148016092,11.76940924523808,12.235644570305125,1,Level 1,Commuter
User_1248,Nissan Leaf,85.0,Station_205,New York,2024-02-21 23:00:00,2024-02-22 01:36:00,33.67446234201802,2.008872705709381,24.859551942231587,37.39857228752191,Afternoon,Sunday,57.20207772870903,71.72530988079201,230.79083262324863,25.42640192513317,1,Level 1,Casual Driver
User_1252,Chevy Bolt,50.0,Station_486,Houston,2024-02-22 03:00:00,2024-02-22 06:26:00,26.586710215463047,1.7244365892735611,24.4507632366001,25.204753813243112,Afternoon,Tuesday,77.97541226482085,91.45202017355768,191.38730149081587,5.320091462398006,1,Level 1,Long-Distance Traveler
User_1259,Chevy Bolt,100.0,Station_357,Los Angeles,2024-02-22 10:00:00,2024-02-22 10:41:00,51.94497776365302,2.4615937135645067,9.166036637016663,29.47187656734991,Morning,Monday,61.46401328288867,96.38960476102687,220.7754359163879,14.483399483425266,3,Level 1,Commuter
User_1260,Tesla Model 3,85.0,Station_168,San Francisco,2024-02-22 11:00:00,2024-02-22 12:38:00,20.79043601283822,3.2474625768175143,41.23721127651863,25.792472902309274,Evening,Saturday,49.96693224975138,63.11113229359482,259.92418832966825,22.89738526887777,2,Level 1,Long-Distance Traveler
User_1261,Hyundai Kona,100.0,Station_176,New York,2024-02-22 12:00:00,2024-02-22 14:43:00,49.48345837435455,1.7322676793318448,18.93760769920245,37.66079512400282,Evening,Sunday,23.264357666126408,53.993533699815,49.05420612095306,-7.478114898036261,4,Level 1,Long-Distance Traveler
User_1262,Tesla Model 3,75.0,Station_310,Chicago,2024-02-22 13:00:00,2024-02-22 14:58:00,25.527547211644688,0.4348899347683468,,25.021181815618963,Afternoon,Sunday,20.065397433186966,80.3207465989539,265.2383489384838,18.99653953427724,4,Level 1,Commuter
User_1263,Nissan Leaf,50.0,Station_291,San Francisco,2024-02-22 14:00:00,2024-02-22 17:42:00,19.958025275991496,1.2982715793607214,43.00765805491575,37.06093993587496,Night,Friday,15.82012202213054,53.37481226496149,51.421823945873975,30.006274375568573,2,Level 1,Casual Driver
User_1268,Hyundai Kona,100.0,Station_296,Houston,2024-02-22 19:00:00,2024-02-22 20:18:00,47.67827374967497,1.4249095724737948,37.74994617838915,36.54860154374506,Night,Monday,75.29020927180612,67.25319330916514,268.6951244624599,27.78096351062102,0,Level 1,Long-Distance Traveler
User_1270,Hyundai Kona,62.0,Station_324,Los Angeles,2024-02-22 21:00:00,2024-02-22 22:29:00,66.46105412754665,3.89415989940598,47.72349822012419,21.56690777333289,Morning,Monday,61.04916218275036,70.39015065483127,250.86436658538844,18.390040021966445,0,Level 1,Casual Driver
User_1276,Nissan Leaf,62.0,Station_273,Houston,2024-02-23 03:00:00,2024-02-23 05:54:00,26.4440331229724,3.69223745793969,27.121429900667824,27.370437097760146,Morning,Sunday,63.48160387106212,80.47775508228382,265.5605629056878,14.39410549158626,3,Level 1,Commuter
User_1289,Chevy Bolt,50.0,Station_348,New York,2024-02-23 16:00:00,2024-02-23 17:26:00,45.93945507648217,1.8134291486520389,16.557852451214444,22.147063906157317,Morning,Monday,77.01390548870467,73.31371202671119,232.59920558742044,27.574083775649285,0,Level 1,Commuter
User_1301,Hyundai Kona,62.0,Station_216,New York,2024-02-24 04:00:00,2024-02-24 06:57:00,35.7622826922978,1.9263703305377575,22.867757719681364,17.069973350002144,Afternoon,Friday,11.854880943442128,114.16784204294794,273.507012624569,39.20763826586747,3,Level 1,Long-Distance Traveler
User_1313,Nissan Leaf,75.0,Station_120,Houston,2024-02-24 16:00:00,2024-02-24 18:54:00,39.73385254628378,1.2492962907593128,21.395605777560547,19.413665080852823,Morning,Tuesday,55.86361499761188,85.12226222000578,,24.108952961291443,0,Level 1,Casual Driver
